-- Seed data into types
INSERT INTO types (name, description) VALUES
('งานบริการ', 'งานบริการ'),
('เฟอร์นิเจอร์', 'เฟอร์นิเจอร์'),
('ค่าปรับ', 'ค่าปรับ'),
('บริการที่จอดรถ', 'ที่จอดรถ'),
('บริการสารธารณูปโภค', 'ค่าบริการสาธารณูปโภค'),
('บริการห้องเช่า', 'บริการห้องเช่า'),
('บริการอาหาร', 'บริการอาหาร'),
('บริการส่วนกลาง', 'ค่าบริการส่วนกลาง'),
('บริการอินเตอร์เน็ต', 'ค่าบริการอินเตอร์เน็ต');

-- Seed data into categories
INSERT INTO categories (type_id, name, description) VALUES
(1, 'บริการทำความสะอาด', 'บริการทำความสะอาด'),
(1, 'บริการหาเครื่องใช้ไฟฟ้า', 'บริการหาเครื่องใช้ไฟฟ้า'),
(1, 'บริการซ่อมบำรุง', 'บริการซ่อมบำรุง'),
(1, 'บริการซักอบรีด', 'บริการซักอบรีด'),
(3, 'ค่าปรับ', 'ค่าปรับ'),
(4, 'บริการที่จอดรถ', 'ที่จอดรถ'),
(5, 'บริการสารธารณูปโภค', 'ค่าบริการสาธารณูปโภค'),
(6, 'บริการห้องเช่า', 'บริการห้องเช่า'),
(7, 'บริการอาหารเช้า', 'บริการอาหารเช้า'),
(7, 'บริการอาหารตามสั่ง', 'บริการอาหารตามสั่ง'),
(8, 'บริการส่วนกลาง', 'ค่าบริการส่วนกลาง'),
(9, 'บริการอินเตอร์เน็ต', 'ค่าบริการอินเตอร์เน็ต');

-- Seed data into groups
INSERT INTO `groups` (category_id, name, description) VALUES
(1, 'บริการทำความสะอาด', 'บริการทำความสะอาด'),
(2, 'บริการหาเครื่องใช้ไฟฟ้า', 'บริการหาเครื่องใช้ไฟฟ้า'),
(3, 'บริการซ่อมบำรุง', 'บริการซ่อมบำรุง'),
(4, 'บริการซักอบรีด', 'บริการซักอบรีด'),
(5, 'ค่าปรับ', 'ค่าปรับ'),
(6, 'บริการที่จอดรถ', 'บริการที่จอดรถ'),
(7, 'บริการสารธารณูปโภค', 'บริการสารธารณูปโภค'),
(8, 'บริการห้องเช่า', 'ห้องเช่า'),
(9, 'บริการอาหารเช้า', 'บริการอาหารเช้า'),
(10, 'บริการอาหารตามสั่ง', 'บริการอาหารตามสั่ง'),
(11, 'บริการส่วนกลาง', 'ค่าบริการส่วนกลาง'),
(12, 'บริการอินเตอร์เน็ต', 'ค่าบริการอินเตอร์เน็ต');

-- Seed data into products
INSERT INTO products (group_id, name, price, unit, status) VALUES
(1, 'ทำความสะอาดห้อง', 500.00, 'ครั้ง', 'ACTIVE'),
(2, 'ล้างแอร์', 500.00, 'เครื่อง', 'ACTIVE'),
(4, 'ซักอบรีด', 10.00, 'ชิ้น', 'ACTIVE'),
(5, 'ค่าปรับล่าช้า', 100.00, 'วัน', 'ACTIVE'),
(6, 'ที่จอดรถ', 500.00, 'เดือน', 'ACTIVE'),
(7, 'น้ำประปา', 20.00, 'หน่วย', 'ACTIVE'),
(7, 'ไฟฟ้า', 8.00, 'หน่วย', 'ACTIVE'),
(8, 'ห้องเช่า Std.', 3500.00, 'เดือน', 'ACTIVE'),
(8, 'ห้องเช่า D-Lux', 5500.00, 'เดือน', 'ACTIVE'),
(9, 'ห้องเช่ารายวัน', 600.00, 'วัน', 'ACTIVE'),
(9, 'ห้องเช่าชั่วคราว', 900.00, 'ชั่วคราว', 'ACTIVE'),
(10, 'อาหารเช้า', 150.00, 'คน', 'ACTIVE'),
(11, 'อาหารตามสั่ง', 100.00, 'จาน', 'ACTIVE'),
(12, 'ค่าอินเตอร์เน็ต', 200.00, 'เดือน', 'ACTIVE');
